KOTA/KAB;PROVINSI
KOTA JAKARTA PUSAT;DKI JAKARTA
KOTA JAKARTA UTARA;DKI JAKARTA
KOTA JAKARTA BARAT;DKI JAKARTA
KOTA JAKARTA TIMUR;DKI JAKARTA
KOTA JAKARTA SELATAN;DKI JAKARTA
KAB. BOGOR;JAWA BARAT
KAB. SUKABUMI;JAWA BARAT
KAB. CIANJUR;JAWA BARAT
KAB. BANDUNG;JAWA BARAT
KAB. GARUT;JAWA BARAT
KAB. TASIKMALAYA;JAWA BARAT
KAB. KUNINGAN;JAWA BARAT
KAB. CIREBON;JAWA BARAT
KAB. PURWAKARTA;JAWA BARAT
KAB. KARAWANG;JAWA BARAT
KAB. BEKASI;JAWA BARAT
KAB. BANDUNG BARAT;JAWA BARAT
KAB. CIMAHI;JAWA BARAT
KAB. CIREBON;JAWA BARAT
KAB. INDRAMAYU;JAWA BARAT
KAB. KUNINGAN;JAWA BARAT
KAB. MAJALENGKA;JAWA BARAT
KAB. SUMEDANG;JAWA BARAT
KAB. SUBANG;JAWA BARAT
KAB. PANGANDARAN;JAWA BARAT
KOTA BOGOR;JAWA BARAT
KOTA SUKABUMI;JAWA BARAT
KOTA BANJAR;JAWA BARAT
KOTA BEKASI;JAWA BARAT
KOTA BANDUNG;JAWA BARAT
KOTA CIREBON;JAWA BARAT
KOTA DEPOK;JAWA BARAT
KOTA CIMAHI;JAWA BARAT
KOTA TASIKMALAYA;JAWA BARAT
KAB. CILACAP;JAWA TENGAH
KAB. BANYUMAS;JAWA TENGAH
KAB. BANJARNEGARA;JAWA TENGAH
KAB. KEBUMEN;JAWA TENGAH
KAB. PURWOREJO;JAWA TENGAH
KAB. MAGELANG;JAWA TENGAH
KAB. BOYOLALI;JAWA TENGAH
KAB. KLATEN;JAWA TENGAH
KAB. SUKOHARJO;JAWA TENGAH
KAB. WONOGIRI;JAWA TENGAH
KAB. SRAGEN;JAWA TENGAH
KAB. BLORA;JAWA TENGAH
KAB. REMBANG;JAWA TENGAH
KAB. PATI;JAWA TENGAH
KAB. KUDUS;JAWA TENGAH
KAB. JEPARA;JAWA TENGAH
KAB. SEMARANG;JAWA TENGAH
KAB. TEMANGGUNG;JAWA TENGAH
KAB. KENDAL;JAWA TENGAH
KAB. BATANG;JAWA TENGAH
KAB. PEKALONGAN;JAWA TENGAH
KAB. TEGAL;JAWA TENGAH
KAB. BREBES;JAWA TENGAH
KAB. DEMAK;JAWA TENGAH
KAB. GROBOGAN;JAWA TENGAH
KAB. KARANGANYAR;JAWA TENGAH
KAB. PEMALANG;JAWA TENGAH
KAB. PURBALINGGA;JAWA TENGAH
KAB. WONOSOBO;JAWA TENGAH
KOTA MAGELANG;JAWA TENGAH
KOTA SURAKARTA;JAWA TENGAH
KOTA SALATIGA;JAWA TENGAH
KOTA SEMARANG;JAWA TENGAH
KOTA PEKALONGAN;JAWA TENGAH
KOTA TEGAL;JAWA TENGAH
KAB. BANTUL;DI YOGYAKARTA
KAB. SLEMAN;DI YOGYAKARTA
KAB. KULON PROGO;DI YOGYAKARTA
KAB. GUNUNGKIDUL;DI YOGYAKARTA
KOTA YOGYAKARTA;DI YOGYAKARTA
KAB. KEDIRI;JAWA TIMUR
KAB. MALANG;JAWA TIMUR
KAB. BANYUWANGI;JAWA TIMUR
KAB. SITUBONDO;JAWA TIMUR
KAB. PROBOLINGGO;JAWA TIMUR
KAB. PASURUAN;JAWA TIMUR
KAB. SIDOARJO;JAWA TIMUR
KAB. MOJOKERTO;JAWA TIMUR
KAB. JOMBANG;JAWA TIMUR
KAB. NGANJUK;JAWA TIMUR
KAB. MADIUN;JAWA TIMUR
KAB. MAGETAN;JAWA TIMUR
KAB. NGAWI;JAWA TIMUR
KAB. TUBAN;JAWA TIMUR
KAB. LAMONGAN;JAWA TIMUR
KAB. GRESIK;JAWA TIMUR
KAB. BANGKALAN;JAWA TIMUR
KAB. SUMENEP;JAWA TIMUR
KAB. BLITAR;JAWA TIMUR
KAB. BOJONEGORO;JAWA TIMUR
KAB. BONDOWOSO;JAWA TIMUR
KAB. JEMBER;JAWA TIMUR
KAB. LUMAJANG;JAWA TIMUR
KAB. PACITAN;JAWA TIMUR
KAB. PAMEKASAN;JAWA TIMUR
KAB. PONOROGO;JAWA TIMUR
KAB. SAMPANG;JAWA TIMUR
KAB. TULUNGAGUNG;JAWA TIMUR
KAB. TRENGGALEK;JAWA TIMUR
KOTA MADIUN;JAWA TIMUR
KOTA KEDIRI;JAWA TIMUR
KOTA BLITAR;JAWA TIMUR
KOTA MALANG;JAWA TIMUR
KOTA PROBOLINGGO;JAWA TIMUR
KOTA PASURUAN;JAWA TIMUR
KOTA MOJOKERTO;JAWA TIMUR
KOTA SURABAYA;JAWA TIMUR
KOTA BATU;JAWA TIMUR
KAB. PANDEGLANG;BANTEN
KAB. LEBAK;BANTEN
KAB. SERANG;BANTEN
KAB. TANGERANG;BANTEN
KOTA TANGERANG;BANTEN
KOTA SERANG;BANTEN
KOTA CILEGON;BANTEN
KOTA TANGERANG SELATAN;BANTEN
